INSERT INTO region (code, name) VALUES('N59', 'South Central');
INSERT INTO pdu (code, name, region_code) VALUES ('N59BUOX', 'Buckinghamshire and M Keynes', 'N59');
INSERT INTO ldu (code, name, pdu_code) VALUES ('N59BUOX', 'Buckinghamshire and M Keynes', 'N59BUOX');
INSERT INTO team (code, name, ldu_code) VALUES ('N59BK1', 'Buckinghamshire and Milton Keynes 1', 'N59BUOX');
INSERT INTO team (code, name, ldu_code) VALUES ('N59BK2', 'Buckinghamshire and Milton Keynes 2', 'N59BUOX');
INSERT INTO team (code, name, ldu_code) VALUES ('N59BK3', 'Buckinghamshire and Milton Keynes 3', 'N59BUOX');
INSERT INTO team (code, name, ldu_code) VALUES ('N59BK4', 'Buckinghamshire and Milton Keynes 4', 'N59BUOX');
INSERT INTO team (code, name, ldu_code) VALUES ('N59BK5', 'Buckinghamshire and Milton Keynes 5', 'N59BUOX');
INSERT INTO team (code, name, ldu_code) VALUES ('N59BK6', 'Buckinghamshire and Milton Keynes 6', 'N59BUOX');
INSERT INTO team (code, name, ldu_code) VALUES ('N59BK7', 'Buckinghamshire and Milton Keynes 7', 'N59BUOX');
INSERT INTO team (code, name, ldu_code) VALUES ('N59BK8', 'Buckinghamshire and Milton Keynes 8', 'N59BUOX');
INSERT INTO team (code, name, ldu_code) VALUES ('N59BKU', 'Buckinghamshire and Milton Keynes Bus Sup Unit', 'N59BUOX');

INSERT INTO pdu (code, name, region_code) VALUES ('N59BRK', 'East Berkshire', 'N59');
INSERT INTO ldu (code, name, pdu_code) VALUES ('N59BRK', 'East Berkshire', 'N59BRK');
INSERT INTO team (code, name, ldu_code) VALUES ('N59EB1', 'East Berkshire 1', 'N59BRK');
INSERT INTO team (code, name, ldu_code) VALUES ('N59EB2', 'East Berkshire 2', 'N59BRK');
INSERT INTO team (code, name, ldu_code) VALUES ('N59EB3', 'East Berkshire 3', 'N59BRK');
INSERT INTO team (code, name, ldu_code) VALUES ('N59EB4', 'East Berkshire 4', 'N59BRK');
INSERT INTO team (code, name, ldu_code) VALUES ('N59EB5', 'East Berkshire 5', 'N59BRK');
INSERT INTO team (code, name, ldu_code) VALUES ('N59EB6', 'East Berkshire 6', 'N59BRK');
INSERT INTO team (code, name, ldu_code) VALUES ('N59EBU', 'East Berkshire Business Support Unit', 'N59BRK');

INSERT INTO pdu (code, name, region_code) VALUES ('N59HAMP', 'Hampshire North and East', 'N59');
INSERT INTO ldu (code, name, pdu_code) VALUES ('N59HAML', 'Hampshire North and East', 'N59HAMP');
INSERT INTO team (code, name, ldu_code) VALUES ('N59HN1', 'Hampshire North and East 1', 'N59HAML');
INSERT INTO team (code, name, ldu_code) VALUES ('N59HN2', 'Hampshire North and East 2', 'N59HAML');
INSERT INTO team (code, name, ldu_code) VALUES ('N59HN3', 'Hampshire North and East 3', 'N59HAML');
INSERT INTO team (code, name, ldu_code) VALUES ('N59HN4', 'Hampshire North and East 4', 'N59HAML');
INSERT INTO team (code, name, ldu_code) VALUES ('N59HN5', 'Hampshire North and East 5', 'N59HAML');
INSERT INTO team (code, name, ldu_code) VALUES ('N59HN6', 'Hampshire North and East 6', 'N59HAML');
INSERT INTO team (code, name, ldu_code) VALUES ('N59HN7', 'Hampshire North and East 7', 'N59HAML');
INSERT INTO team (code, name, ldu_code) VALUES ('N59HN8', 'Hampshire North and East 8', 'N59HAML');
INSERT INTO team (code, name, ldu_code) VALUES ('N59HNU', 'Hampshire North and East Business Support Unit', 'N59HAML');

INSERT INTO pdu (code, name, region_code) VALUES ('N59OXFS', 'Oxfordshire', 'N59');
INSERT INTO ldu (code, name, pdu_code) VALUES ('N59OXFS', 'Oxfordshire', 'N59OXFS');
INSERT INTO team (code, name, ldu_code) VALUES ('N59OX1', 'Oxfordshire 1', 'N59OXFS');
INSERT INTO team (code, name, ldu_code) VALUES ('N59OX2', 'Oxfordshire 2', 'N59OXFS');
INSERT INTO team (code, name, ldu_code) VALUES ('N59OX3', 'Oxfordshire 3', 'N59OXFS');
INSERT INTO team (code, name, ldu_code) VALUES ('N59OX4', 'Oxfordshire 4', 'N59OXFS');
INSERT INTO team (code, name, ldu_code) VALUES ('N59OX5', 'Oxfordshire 5', 'N59OXFS');
INSERT INTO team (code, name, ldu_code) VALUES ('N59OX6', 'Oxfordshire 6', 'N59OXFS');
INSERT INTO team (code, name, ldu_code) VALUES ('N59OX7', 'Oxfordshire 7', 'N59OXFS');
INSERT INTO team (code, name, ldu_code) VALUES ('N59OXU', 'Oxfordshire Business Support Unit', 'N59OXFS');

INSERT INTO pdu (code, name, region_code) VALUES ('N59SOPO', 'Portsmouth and IoW', 'N59');
INSERT INTO ldu (code, name, pdu_code) VALUES ('N59PSIL', 'Portsmouth and IoW', 'N59SOPO');
INSERT INTO team (code, name, ldu_code) VALUES ('N59PI8', 'Portsmouth and Isle of Wight 1', 'N59PSIL');
INSERT INTO team (code, name, ldu_code) VALUES ('N59PI9', 'Portsmouth and Isle of Wight 2', 'N59PSIL');
INSERT INTO team (code, name, ldu_code) VALUES ('N59PI3', 'Portsmouth and Isle of Wight 3', 'N59PSIL');
INSERT INTO team (code, name, ldu_code) VALUES ('N59PI4', 'Portsmouth and Isle of Wight 4', 'N59PSIL');
INSERT INTO team (code, name, ldu_code) VALUES ('N59PI5', 'Portsmouth and Isle of Wight 5', 'N59PSIL');
INSERT INTO team (code, name, ldu_code) VALUES ('N59PIU', 'Portsmouth and Isle of Wight Business Support Unit', 'N59PSIL');

INSERT INTO pdu (code, name, region_code) VALUES ('N59HSW', 'Southampton, Eastleigh and New Forest', 'N59');
INSERT INTO ldu (code, name, pdu_code) VALUES ('N59HSW', 'Southampton, Eastleigh and New Forest', 'N59HSW');
INSERT INTO team (code, name, ldu_code) VALUES ('N59SE1', 'Southampton, Eastleigh and New Forest 1', 'N59HSW');
INSERT INTO team (code, name, ldu_code) VALUES ('N59SE2', 'Southampton, Eastleigh and New Forest 2', 'N59HSW');
INSERT INTO team (code, name, ldu_code) VALUES ('N59SE3', 'Southampton, Eastleigh and New Forest 3', 'N59HSW');
INSERT INTO team (code, name, ldu_code) VALUES ('N59SE4', 'Southampton, Eastleigh and New Forest 4', 'N59HSW');
INSERT INTO team (code, name, ldu_code) VALUES ('N59SE5', 'Southampton, Eastleigh and New Forest 5', 'N59HSW');
INSERT INTO team (code, name, ldu_code) VALUES ('N59SE6', 'Southampton, Eastleigh and New Forest 6', 'N59HSW');
INSERT INTO team (code, name, ldu_code) VALUES ('N59SEU', 'Southampton, Eastleigh and New Forest Bus Sup Unit', 'N59HSW');

INSERT INTO pdu (code, name, region_code) VALUES ('N59WESB', 'West Berkshire', 'N59');
INSERT INTO ldu (code, name, pdu_code) VALUES ('N59WESB', 'West Berkshire', 'N59WESB');
INSERT INTO team (code, name, ldu_code) VALUES ('N59WB1', 'West Berkshire 1', 'N59WESB');
INSERT INTO team (code, name, ldu_code) VALUES ('N59WB2', 'West Berkshire 2', 'N59WESB');
INSERT INTO team (code, name, ldu_code) VALUES ('N59WB3', 'West Berkshire 3', 'N59WESB');
INSERT INTO team (code, name, ldu_code) VALUES ('N59WB4', 'West Berkshire 4', 'N59WESB');
INSERT INTO team (code, name, ldu_code) VALUES ('N59WB5', 'West Berkshire 5', 'N59WESB');
INSERT INTO team (code, name, ldu_code) VALUES ('N59WB6', 'West Berkshire 6', 'N59WESB');
INSERT INTO team (code, name, ldu_code) VALUES ('N59WBU', 'West Berkshire Business Support Unit', 'N59WESB');
