INSERT INTO pdu(code, name, region_code) VALUES ('N03SW1', 'Cardiff & Vale', 'N03');
INSERT INTO ldu(code, name, pdu_code) VALUES ('WPTSW1', 'Cardiff & Vale', 'N03SW1');
INSERT INTO team(code, name, ldu_code) VALUES ('N03UA4', 'Awaiting Allocation Cardiff & Vale', 'WPTSW1');
INSERT INTO team(code, name, ldu_code) VALUES ('N03CE1', 'Cardiff East Team', 'WPTSW1');
INSERT INTO team(code, name, ldu_code) VALUES ('N03S0D', 'Cardiff IOM Wisdom Team', 'WPTSW1');
INSERT INTO team(code, name, ldu_code) VALUES ('N03CNT', 'Cardiff North Team', 'WPTSW1');
INSERT INTO team(code, name, ldu_code) VALUES ('N03CVS', 'Cardiff South Team', 'WPTSW1');
INSERT INTO team(code, name, ldu_code) VALUES ('N03CWT', 'Cardiff West Team', 'WPTSW1');
INSERT INTO team(code, name, ldu_code) VALUES ('N03CWP', 'Cardiff Women''s Pathfinder Team', 'WPTSW1');
INSERT INTO team(code, name, ldu_code) VALUES ('N03CST', 'Cardiff & Vale STS Team', 'WPTSW1');
INSERT INTO team(code, name, ldu_code) VALUES ('N03T0D', 'Vale IOM Women Team', 'WPTSW1');
INSERT INTO team(code, name, ldu_code) VALUES ('N03T01', 'Vale - Team', 'WPTSW1');

INSERT INTO pdu(code, name, region_code) VALUES ('N03CTM', 'CWM Taf Morgannwg', 'N03');
INSERT INTO ldu(code, name, pdu_code) VALUES ('N03CTM', 'CWM Taf Morgannwg', 'N03CTM');
INSERT INTO team(code, name, ldu_code) VALUES ('N03UA3', 'Awaiting Allocation Cwm Taf Morgannwg', 'N03CTM');
INSERT INTO team(code, name, ldu_code) VALUES ('N03BIO', 'Brigend - IOM Team', 'N03CTM');
INSERT INTO team(code, name, ldu_code) VALUES ('N03BST', 'Brigend - STS Team', 'N03CTM');
INSERT INTO team(code, name, ldu_code) VALUES ('N03R01', 'Brigend - Team 1', 'N03CTM');
INSERT INTO team(code, name, ldu_code) VALUES ('N03R02', 'Brigend - Team 2', 'N03CTM');
INSERT INTO team(code, name, ldu_code) VALUES ('N0CTM', 'Brigend - Team 3', 'N03CTM');
INSERT INTO team(code, name, ldu_code) VALUES ('N03IOM', 'Merthyr - IOM Team', 'N03CTM');
INSERT INTO team(code, name, ldu_code) VALUES ('N03MST', 'Merthyr - STS Team', 'N03CTM');
INSERT INTO team(code, name, ldu_code) VALUES ('N03K01', 'Merthyr - Team 1', 'N03CTM');
INSERT INTO team(code, name, ldu_code) VALUES ('N03K02', 'Merthyr - Team 2', 'N03CTM');
INSERT INTO team(code, name, ldu_code) VALUES ('N03K03', 'Merthyr - Team 3', 'N03CTM');
INSERT INTO team(code, name, ldu_code) VALUES ('N03RIO', 'RCT - IOM Team', 'N03CTM');
INSERT INTO team(code, name, ldu_code) VALUES ('N03RST', 'RCT - STS Team', 'N03CTM');
INSERT INTO team(code, name, ldu_code) VALUES ('N03J01', 'RCT - Team 1', 'N03CTM');
INSERT INTO team(code, name, ldu_code) VALUES ('N03J02', 'RCT - Team 2', 'N03CTM');
INSERT INTO team(code, name, ldu_code) VALUES ('N03J03', 'RCT - Team 3', 'N03CTM');
INSERT INTO team(code, name, ldu_code) VALUES ('N03J04', 'RCT - Team 4', 'N03CTM');

INSERT INTO pdu(code, name, region_code) VALUES ('WPTWES', 'Dyfed Powys', 'N03');
INSERT INTO ldu(code, name, pdu_code) VALUES ('WPTWES', 'Dyfed Powys', 'WPTWES');
INSERT INTO team(code, name, ldu_code) VALUES ('N03UA2', 'Awaiting Allocation Dyfed Powys', 'WPTWES');
INSERT INTO team(code, name, ldu_code) VALUES ('N03N01', 'Carmarthenshire - Team 1', 'WPTWES');
INSERT INTO team(code, name, ldu_code) VALUES ('N03N02', 'Carmarthenshire - Team 2', 'WPTWES');
INSERT INTO team(code, name, ldu_code) VALUES ('N03L01', 'Ceredigion - Team 1', 'WPTWES');
INSERT INTO team(code, name, ldu_code) VALUES ('N03M01', 'Pembrokeshire - Team 1', 'WPTWES');
INSERT INTO team(code, name, ldu_code) VALUES ('N03G11', 'Powys Team 1', 'WPTWES');

INSERT INTO pdu(code, name, region_code) VALUES ('WPTGWT', 'Gwent', 'N03');
INSERT INTO ldu(code, name, pdu_code) VALUES ('WPTGWT', 'Gwent', 'WPTGWT');
INSERT INTO team(code, name, ldu_code) VALUES ('N03UA5', 'Awaiting Allocation Gwent', 'WPTGWT');
INSERT INTO team(code, name, ldu_code) VALUES ('N03CT1', 'Caerphilly/Blaenau Gwent Team 1', 'WPTGWT');
INSERT INTO team(code, name, ldu_code) VALUES ('N03CT2', 'Caerphilly/Blaenau Gwent Team 2', 'WPTGWT');
INSERT INTO team(code, name, ldu_code) VALUES ('N03CT3', 'Caerphilly/Blaenau Gwent Team 3', 'WPTGWT');
INSERT INTO team(code, name, ldu_code) VALUES ('N03Z02', 'East Gwent Team', 'WPTGWT');
INSERT INTO team(code, name, ldu_code) VALUES ('N03Z0D', 'Gwent IOM Team', 'WPTGWT');
INSERT INTO team(code, name, ldu_code) VALUES ('N03GST', 'Gwent STS Team', 'WPTGWT');
INSERT INTO team(code, name, ldu_code) VALUES ('WPTGWT', 'Gwent Women''s Pathfinder Team', 'WPTGWT');
INSERT INTO team(code, name, ldu_code) VALUES ('N03Y01', 'Newport Team 1', 'WPTGWT');
INSERT INTO team(code, name, ldu_code) VALUES ('N03Y02', 'Newport Team 2', 'WPTGWT');
INSERT INTO team(code, name, ldu_code) VALUES ('N03NT3', 'Newport Team 3', 'WPTGWT');

INSERT INTO pdu(code, name, region_code) VALUES ('N03SNT', 'Swansea,  Neath Port-Talbot', 'N03');
INSERT INTO ldu(code, name, pdu_code) VALUES ('N03SNT', 'Swansea,  Neath Port-Talbot', 'N03SNT');
INSERT INTO team(code, name, ldu_code) VALUES ('N03UA6', 'Awaiting Allocation Swansea Neath PT', 'N03SNT');
INSERT INTO team(code, name, ldu_code) VALUES ('N03Q0D', 'Neath,  Ptalbot - IOM Team', 'N03SNT');
INSERT INTO team(code, name, ldu_code) VALUES ('N03Q01', 'Neath,  Ptalbot - Team 1', 'N03SNT');
INSERT INTO team(code, name, ldu_code) VALUES ('N03SNT', 'Neath,  Ptalbot - Team 2', 'N03SNT');
INSERT INTO team(code, name, ldu_code) VALUES ('N03P0D', 'Swansea - IOM Team', 'N03SNT');
INSERT INTO team(code, name, ldu_code) VALUES ('N03P01', 'Swansea - Team 1', 'N03SNT');
INSERT INTO team(code, name, ldu_code) VALUES ('N03P02', 'Swansea - Team 2', 'N03SNT');
INSERT INTO team(code, name, ldu_code) VALUES ('N03P03', 'Swansea - Team 3', 'N03SNT');
INSERT INTO team(code, name, ldu_code) VALUES ('N03P04', 'Swansea - Team 4', 'N03SNT');
INSERT INTO team(code, name, ldu_code) VALUES ('N03P05', 'Swansea - Team 5', 'N03SNT');
INSERT INTO team(code, name, ldu_code) VALUES ('N03P06', 'Swansea - Team 6', 'N03SNT');